INSERT INTO universities_university (id, name, short_name) VALUES (1, 'Batumi State University', 'BSU');
INSERT INTO universities_university (id, name, short_name) VALUES (2, 'Tbilisi State University', 'TSU');
INSERT INTO universities_faculty (id, name, university_id) VALUES (1, 'Faculty of Computer Technologies and Engineering', 1);
INSERT INTO universities_course (id, name, duration_in_weeks, faculty_id, degree_level, semester) VALUES (1, 'Data Structures', 15, 1, 'B', 3);
INSERT INTO universities_course (id, name, duration_in_weeks, faculty_id, degree_level, semester) VALUES (2, 'Probability and Statistics', 15, 1, 'B', 3);
INSERT INTO universities_course (id, name, duration_in_weeks, faculty_id, degree_level, semester) VALUES (3, 'Databases', 15, 1, 'B', 3);
INSERT INTO universities_course (id, name, duration_in_weeks, faculty_id, degree_level, semester) VALUES (4, 'Numerical Analysis', 15, 1, 'B', 3);
INSERT INTO universities_course (id, name, duration_in_weeks, faculty_id, degree_level, semester) VALUES (5, 'English B2.2.1', 15, 1, 'B', 3);
INSERT INTO user_group (id, name, course_id, group_type) VALUES (1, 'A', 2, 'L');
INSERT INTO user_group (id, name, course_id, group_type) VALUES (2, 'A', 4, 'L');
INSERT INTO user_group (id, name, course_id, group_type) VALUES (3, '1', 4, 'P');
INSERT INTO user_group (id, name, course_id, group_type) VALUES (4, 'ბ', 4, 'LB');
INSERT INTO user_group (id, name, course_id, group_type) VALUES (5, 'A', 1, 'L');
INSERT INTO user_group (id, name, course_id, group_type) VALUES (6, 'გ', 1, 'LB');
INSERT INTO user_group (id, name, course_id, group_type) VALUES (7, '2', 2, 'P');
INSERT INTO user_group (id, name, course_id, group_type) VALUES (8, '1', 2, 'P');
INSERT INTO user_group (id, name, course_id, group_type) VALUES (9, '2', 4, 'P');
INSERT INTO user_group (id, name, course_id, group_type) VALUES (10, 'ა', 1, 'LB');
INSERT INTO user_group (id, name, course_id, group_type) VALUES (11, 'გ', 4, 'LB');
INSERT INTO user_group (id, name, course_id, group_type) VALUES (12, 'A', 3, 'L');
INSERT INTO user_group (id, name, course_id, group_type) VALUES (13, 'გ', 3, 'LB');
INSERT INTO user_group (id, name, course_id, group_type) VALUES (14, 'ა', 4, 'LB');
INSERT INTO user_group (id, name, course_id, group_type) VALUES (15, 'ბ', 1, 'LB');
INSERT INTO user_group (id, name, course_id, group_type) VALUES (16, 'ბ', 3, 'LB');
INSERT INTO user_group (id, name, course_id, group_type) VALUES (17, 'ა', 3, 'LB');
INSERT INTO user_group (id, name, course_id, group_type) VALUES (18, '5', 5, 'P');
INSERT INTO schedules_courseschedule (id, group_id, schedule_id) VALUES (1, 1, 6);
INSERT INTO schedules_courseschedule (id, group_id, schedule_id) VALUES (2, 1, 7);
INSERT INTO schedules_courseschedule (id, group_id, schedule_id) VALUES (3, 2, 8);
INSERT INTO schedules_courseschedule (id, group_id, schedule_id) VALUES (4, 2, 9);
INSERT INTO schedules_courseschedule (id, group_id, schedule_id) VALUES (5, 3, 21);
INSERT INTO schedules_courseschedule (id, group_id, schedule_id) VALUES (6, 3, 22);
INSERT INTO schedules_courseschedule (id, group_id, schedule_id) VALUES (7, 4, 23);
INSERT INTO schedules_courseschedule (id, group_id, schedule_id) VALUES (8, 5, 23);
INSERT INTO schedules_courseschedule (id, group_id, schedule_id) VALUES (9, 4, 24);
INSERT INTO schedules_courseschedule (id, group_id, schedule_id) VALUES (10, 6, 24);
INSERT INTO schedules_courseschedule (id, group_id, schedule_id) VALUES (11, 6, 25);
INSERT INTO schedules_courseschedule (id, group_id, schedule_id) VALUES (12, 7, 36);
INSERT INTO schedules_courseschedule (id, group_id, schedule_id) VALUES (13, 3, 36);
INSERT INTO schedules_courseschedule (id, group_id, schedule_id) VALUES (14, 8, 37);
INSERT INTO schedules_courseschedule (id, group_id, schedule_id) VALUES (15, 9, 37);
INSERT INTO schedules_courseschedule (id, group_id, schedule_id) VALUES (16, 10, 38);
INSERT INTO schedules_courseschedule (id, group_id, schedule_id) VALUES (17, 11, 38);
INSERT INTO schedules_courseschedule (id, group_id, schedule_id) VALUES (18, 10, 39);
INSERT INTO schedules_courseschedule (id, group_id, schedule_id) VALUES (19, 11, 39);
INSERT INTO schedules_courseschedule (id, group_id, schedule_id) VALUES (20, 9, 51);
INSERT INTO schedules_courseschedule (id, group_id, schedule_id) VALUES (21, 12, 52);
INSERT INTO schedules_courseschedule (id, group_id, schedule_id) VALUES (22, 12, 53);
INSERT INTO schedules_courseschedule (id, group_id, schedule_id) VALUES (23, 13, 54);
INSERT INTO schedules_courseschedule (id, group_id, schedule_id) VALUES (24, 14, 54);
INSERT INTO schedules_courseschedule (id, group_id, schedule_id) VALUES (25, 15, 54);
INSERT INTO schedules_courseschedule (id, group_id, schedule_id) VALUES (26, 14, 55);
INSERT INTO schedules_courseschedule (id, group_id, schedule_id) VALUES (27, 13, 55);
INSERT INTO schedules_courseschedule (id, group_id, schedule_id) VALUES (28, 6, 55);
INSERT INTO schedules_courseschedule (id, group_id, schedule_id) VALUES (29, 9, 66);
INSERT INTO schedules_courseschedule (id, group_id, schedule_id) VALUES (30, 14, 53);
INSERT INTO schedules_courseschedule (id, group_id, schedule_id) VALUES (31, 16, 67);
INSERT INTO schedules_courseschedule (id, group_id, schedule_id) VALUES (32, 11, 67);
INSERT INTO schedules_courseschedule (id, group_id, schedule_id) VALUES (33, 17, 69);
INSERT INTO schedules_courseschedule (id, group_id, schedule_id) VALUES (34, 17, 55);
INSERT INTO schedules_courseschedule (id, group_id, schedule_id) VALUES (36, 16, 53);
INSERT INTO schedules_courseschedule (id, group_id, schedule_id) VALUES (37, 16, 68);
INSERT INTO schedules_courseschedule (id, group_id, schedule_id) VALUES (38, 17, 70);
INSERT INTO schedules_courseschedule (id, group_id, schedule_id) VALUES (39, 18, 77);
INSERT INTO schedules_courseschedule (id, group_id, schedule_id) VALUES (40, 18, 78);
INSERT INTO schedules_courseschedule (id, group_id, schedule_id) VALUES (41, 18, 79);
